category,item_rows,unique_orders,item_revenue,freight_value,avg_price,freight_ratio
agro_industry_and_commerce,212,182,72530.47,5843.6,342.12485849056606,0.0805675187269571
air_conditioning,297,253,55024.96,6749.23,185.26922558922558,0.1226576084744087
art,209,202,24202.64,4045.17,115.8021052631579,0.16713755193648297
arts_and_craftmanship,24,23,1814.01,370.13,75.58375,0.2040396690205677
audio,364,350,50688.5,5710.44,139.25412087912088,0.11265750614044605
auto,4235,3897,592720.11,92664.21,139.9575230224321,0.15633721285414123
baby,3065,2885,411764.89,68353.11,134.34417292006526,0.16600033577413556
bed_bath_table,11115,9417,1036988.68,204693.04,93.29632748538012,0.1973917786643534
books_general_interest,553,512,46856.88,9195.52,84.73215189873417,0.19624695455608657
books_imported,60,53,4639.85,769.85,77.33083333333335,0.1659213121113829
books_technical,267,260,19096.06,4283.06,71.52082397003745,0.2242902462602233
cds_dvds_musicals,14,12,730.0,224.98999999999998,52.142857142857146,0.3082054794520548
christmas_supplies,153,128,8800.82,3229.2999999999997,57.52169934640523,0.36693171772630273
cine_photo,72,65,6933.46,1256.2,96.29805555555555,0.18117938229974645
computers,203,181,222963.13,9836.3,1098.3405418719212,0.04411626263050756
computers_accessories,7827,6689,911954.32,147318.08,116.51390315574294,0.16154107368009396
consoles_games,1137,1062,157465.22,19828.02,138.49183817062445,0.12591999680945418
construction_tools_construction,929,748,144677.59,20650.41,155.7347578040904,0.1427339921822032
construction_tools_lights,304,244,41080.0,7583.8,135.1315789473684,0.18461051606621226
construction_tools_safety,194,167,40544.52,3919.1,208.9923711340206,0.09666164502625756
cool_stuff,3796,3632,635290.85,84039.1,167.357968914647,0.1322844489260313
costruction_tools_garden,238,194,25715.89,5311.4,108.04995798319328,0.20654155854609738
costruction_tools_tools,103,97,15903.95,2030.22,154.40728155339806,0.1276550793985142
diapers_and_hygiene,39,27,1567.59,573.68,40.19461538461538,0.36596303880478953
drinks,379,297,22428.7,5741.25,59.178627968337736,0.2559778319742116
dvds_blu_ray,64,59,5999.39,1288.74,93.74046875,0.21481183920365235
electronics,2767,2550,160246.74,46578.32,57.913530899891576,0.29066625629950416
fashio_female_clothing,48,39,2803.64,621.75,58.409166666666664,0.2217652765690317
fashion_bags_accessories,2031,1864,152823.54,31450.0,75.24546528803546,0.20579290337077652
fashion_childrens_clothes,8,8,569.85,95.51,71.23125,0.16760551022198825
fashion_male_clothing,132,112,10797.82,2152.41,81.80166666666666,0.19933745885743603
fashion_shoes,262,240,23562.77,4918.87,89.93423664122137,0.20875601637668237
fashion_sport,30,27,2119.51,578.13,70.65033333333334,0.27276587513151623
fashion_underwear_beach,131,121,9541.55,1916.19,72.83625954198473,0.2008258616262557
fixed_telephony,264,217,59583.0,4637.81,225.6931818181818,0.07783780608562846
flowers,33,29,1110.04,488.87,33.63757575757575,0.44040755288097727
food,510,450,29393.41,7271.03,57.63413725490196,0.24736939334361
food_drink,278,227,15179.48,4507.99,54.602446043165465,0.29697921140908645
furniture_bedroom,109,95,20028.78,4632.23,183.75027522935778,0.23127868996514014
furniture_decor,8334,6449,729762.49,172749.3,87.56449364050876,0.23671989498939577
furniture_living_room,503,422,68916.56,17968.170000000002,137.0110536779324,0.26072354743185094
furniture_mattress_and_upholstery,38,38,4368.08,1630.46,114.94947368421053,0.37326697313236024
garden_tools,4347,3518,485256.46,98962.75,111.63019553715206,0.20393906760149055
health_beauty,9670,8836,1258681.34,182566.73,130.16353050672183,0.14504602888607215
home_appliances,771,764,80171.53,14818.9,103.98382619974059,0.1848399300849067
home_appliances_2,238,234,113317.74,10600.18,476.1249579831933,0.09354387053606963
home_comfort_2,30,24,760.27,410.31,25.342333333333332,0.5396898470280296
home_confort,434,397,58572.04,8501.23,134.95861751152074,0.14514143608452088
home_construction,604,490,83088.12,13832.24,137.56311258278146,0.16647674781906246
housewares,6964,5884,632248.66,146149.11,90.78814761631247,0.23115764294383792
industry_commerce_and_business,268,235,39669.61,7884.68,148.0209328358209,0.1987586971487746
kitchen_dining_laundry_garden_furniture,281,248,46328.37,11999.43,164.8696441281139,0.25900824915705
la_cuisine,14,13,2054.99,333.55,146.785,0.1623122253636271
luggage_accessories,1092,1034,140429.98,30445.23,128.5988827838828,0.21680007360251705
market_place,311,280,28378.47,5456.06,91.2490996784566,0.19226054117787184
music,38,38,6034.35,690.51,158.79868421052632,0.11442988888612692
musical_instruments,680,628,191498.88,18638.49,281.616,0.09732949874171588
office_furniture,1691,1273,273960.7,68571.95,162.0110585452395,0.2502984917179727
party_supplies,43,39,4485.18,827.97,104.30651162790699,0.18460128690487337
pc_gamer,9,8,1545.95,133.57,171.77222222222224,0.08639994825188395
perfumery,3419,3162,399124.87,54213.84,116.73731207955542,0.13583177615566777
pet_shop,1947,1710,214315.41,39561.24,110.0746841294299,0.1845935390273616
portateis_cozinha_e_preparadores_de_alimentos,15,14,3968.5299999999997,309.76,264.5686666666667,0.07805409055746082
security_and_services,2,2,283.28999999999996,41.22,141.64499999999998,0.14550460658688977
signaling_and_security,199,140,21509.23,6507.820000000001,108.08658291457286,0.3025594128660115
small_appliances,679,630,190648.58,16020.25,280.7784683357879,0.08403026133213266
small_appliances_home_oven_and_coffee,76,75,47445.71,2747.86,624.2856578947368,0.05791587901203291
sports_leisure,8641,7720,988048.97,168607.51,114.34428538363615,0.1706469164175132
stationery,2517,2311,230943.23,46798.48,91.75336909018674,0.20264062297907587
tablets_printing_image,83,79,7528.41,1226.2,90.70373493975903,0.1628763576904021
telephony,4545,4199,323667.52999999997,71215.79,71.21397799779977,0.22002760054429926
toys,4117,3886,483946.6,77425.95,117.54836045664318,0.15998862271167935
unknown,1603,1451,179535.28,28169.81,111.99955084217093,0.1569040357973096
watches_gifts,5991,5624,1205005.68,100535.93,201.13598397596394,0.08343191378151844
