customer_state,orders,average_delivery_days,late_rate,average_review_score,late_rate_percent
AC,80,21.035712962962965,0.0375,4.0875,3.75
AL,397,24.543855361974067,0.23929471032745592,3.8527918781725887,23.929471032745592
AM,145,26.42599090038314,0.041379310344827586,4.243055555555555,4.137931034482759
AP,67,27.185067716970703,0.04477611940298507,4.242424242424242,4.477611940298507
BA,3256,19.335465824489262,0.14035626535626536,3.930009290802106,14.035626535626536
CE,1279,21.26657863492891,0.1532447224394058,3.941869599371563,15.32447224394058
DF,2080,12.96756810897436,0.07067307692307692,4.133816425120773,7.0673076923076925
ES,1995,15.789307110368513,0.12230576441102757,4.079735906551549,12.230576441102757
GO,1957,15.606338535456764,0.08175779253960143,4.10431654676259,8.175779253960142
MA,717,21.572976474120562,0.19665271966527198,3.833567415730337,19.665271966527197
MG,11354,12.008665646060452,0.056103575832305796,4.19246787771378,5.61035758323058
MS,701,15.618319018465684,0.11554921540656206,4.160228898426324,11.554921540656206
MT,886,18.05575601172561,0.06772009029345373,4.146188850967008,6.772009029345373
PA,946,23.77291691136168,0.12367864693446089,3.909967845659164,12.367864693446089
PB,517,20.426767609606706,0.1102514506769826,4.076171875,11.02514506769826
PE,1593,18.448322994408407,0.10797237915881984,4.082963901203294,10.797237915881984
PI,476,19.45709826291628,0.15966386554621848,3.9936305732484074,15.966386554621847
PR,4923,11.991582227413277,0.049969530773918344,4.239591836734694,4.996953077391835
RJ,12350,15.30943754217274,0.13473684210526315,3.965140720115743,13.473684210526315
RN,474,19.27815620604782,0.10759493670886076,4.149681528662421,10.759493670886076
RO,243,19.37203651310776,0.02880658436213992,4.1652892561983474,2.880658436213992
RR,41,29.387546014001806,0.12195121951219512,3.902439024390244,12.195121951219512
RS,5345,15.300276192406853,0.0714686623012161,4.1857518302984795,7.14686623012161
SC,3546,14.954782876767771,0.09757473209249859,4.133276499005399,9.75747320924986
SE,335,21.519788280818133,0.15223880597014924,3.907185628742515,15.223880597014924
SP,40501,8.761385996084925,0.058936816374904326,4.246550625315555,5.893681637490433
TO,274,17.65806260982698,0.12773722627737227,4.153846153846154,12.773722627737227
